http://www.edamam.com/ontologies/edamam.owl#recipe_e959ca3bae1093b5e65b16aae5631d0b;CCCC
http://www.edamam.com/ontologies/edamam.owl#recipe_3d8d9be3e53aae152a1e457c77001ab2;CCCC
http://www.edamam.com/ontologies/edamam.owl#recipe_167ab7e23d95b8ff8c397468ff3e3b43;CCCC
http://www.edamam.com/ontologies/edamam.owl#recipe_7921405379ffc1836d382dfa8c11f9a8;CCC
http://www.edamam.com/ontologies/edamam.owl#recipe_97a02e5bd9998106cddf88b078770549;CC
http://www.edamam.com/ontologies/edamam.owl#recipe_a4e6d70fa0f233f831661658f270e07a;CCCCC
http://www.edamam.com/ontologies/edamam.owl#recipe_93a9dbf85439f589d8b0f8712f3d9973;CCCC
http://www.edamam.com/ontologies/edamam.owl#recipe_f54b04f8740d8e050cfe518e0e47bf37;CCCC
http://www.edamam.com/ontologies/edamam.owl#recipe_0bf55c79b66e1819b3c8f3a7345188dd;CCCC
http://www.edamam.com/ontologies/edamam.owl#recipe_0814b1e5a031bb486a696821a57ad1dd;CCC
http://www.edamam.com/ontologies/edamam.owl#recipe_440de8614e521aa4eef4502dd5b85df3;CC
http://www.edamam.com/ontologies/edamam.owl#recipe_7a99b547c59123b504069f28ddccdd56;C
